[
{
  "model": "polls.question",
  "pk": 1,
  "fields": {
    "question_text": "What is the best programming language for beginners?",
    "pub_date": "2018-09-14T09:18:26Z"
  }
},
{
  "model": "polls.question",
  "pk": 2,
  "fields": {
    "question_text": "What is your favorite web framework?",
    "pub_date": "2018-09-13T10:49:49Z"
  }
},
{
  "model": "polls.question",
  "pk": 3,
  "fields": {
    "question_text": "What is the best university in Thailand?",
    "pub_date": "2021-09-12T09:40:15.033Z"
  }
},
{
  "model": "polls.choice",
  "pk": 1,
  "fields": {
    "question": 1,
    "choice_text": "Basic"
  }
},
{
  "model": "polls.choice",
  "pk": 2,
  "fields": {
    "question": 1,
    "choice_text": "C"
  }
},
{
  "model": "polls.choice",
  "pk": 3,
  "fields": {
    "question": 1,
    "choice_text": "C#"
  }
},
{
  "model": "polls.choice",
  "pk": 4,
  "fields": {
    "question": 1,
    "choice_text": "Java"
  }
},
{
  "model": "polls.choice",
  "pk": 5,
  "fields": {
    "question": 1,
    "choice_text": "Javascript"
  }
},
{
  "model": "polls.choice",
  "pk": 6,
  "fields": {
    "question": 1,
    "choice_text": "Kotlin"
  }
},
{
  "model": "polls.choice",
  "pk": 7,
  "fields": {
    "question": 1,
    "choice_text": "Python"
  }
},
{
  "model": "polls.choice",
  "pk": 8,
  "fields": {
    "question": 1,
    "choice_text": "Ruby"
  }
},
{
  "model": "polls.choice",
  "pk": 9,
  "fields": {
    "question": 3,
    "choice_text": "AIT"
  }
},
{
  "model": "polls.choice",
  "pk": 10,
  "fields": {
    "question": 3,
    "choice_text": "Chulalongkorn"
  }
},
{
  "model": "polls.choice",
  "pk": 11,
  "fields": {
    "question": 3,
    "choice_text": "Chiang Mai"
  }
},
{
  "model": "polls.choice",
  "pk": 12,
  "fields": {
    "question": 3,
    "choice_text": "Kasetsart"
  }
},
{
  "model": "polls.choice",
  "pk": 13,
  "fields": {
    "question": 3,
    "choice_text": "Khon Kaen"
  }
},
{
  "model": "polls.choice",
  "pk": 14,
  "fields": {
    "question": 3,
    "choice_text": "Prince of Songhla"
  }
},
{
  "model": "polls.choice",
  "pk": 18,
  "fields": {
    "question": 3,
    "choice_text": "Mahidol"
  }
},
{
  "model": "polls.choice",
  "pk": 19,
  "fields": {
    "question": 3,
    "choice_text": "KMIT"
  }
},
{
  "model": "polls.choice",
  "pk": 20,
  "fields": {
    "question": 3,
    "choice_text": "Thammasat"
  }
},
{
  "model": "polls.choice",
  "pk": 21,
  "fields": {
    "question": 2,
    "choice_text": "Code Igniter"
  }
},
{
  "model": "polls.choice",
  "pk": 22,
  "fields": {
    "question": 2,
    "choice_text": "Django"
  }
},
{
  "model": "polls.choice",
  "pk": 23,
  "fields": {
    "question": 2,
    "choice_text": "Grails"
  }
},
{
  "model": "polls.choice",
  "pk": 24,
  "fields": {
    "question": 2,
    "choice_text": "Lavarel"
  }
},
{
  "model": "polls.choice",
  "pk": 25,
  "fields": {
    "question": 2,
    "choice_text": "Pyramid"
  }
},
{
  "model": "polls.choice",
  "pk": 26,
  "fields": {
    "question": 2,
    "choice_text": "Ruby on Rails"
  }
},
{
  "model": "polls.choice",
  "pk": 27,
  "fields": {
    "question": 2,
    "choice_text": "Spring"
  }
},
{
  "model": "polls.choice",
  "pk": 28,
  "fields": {
    "question": 2,
    "choice_text": "Struts"
  }
},
{
  "model": "polls.choice",
  "pk": 29,
  "fields": {
    "question": 2,
    "choice_text": "Node.js + Express"
  }
},
{
  "model": "polls.choice",
  "pk": 30,
  "fields": {
    "question": 1,
    "choice_text": "Lisp"
  }
},
{
  "model": "polls.choice",
  "pk": 31,
  "fields": {
    "question": 2,
    "choice_text": "Play!"
  }
},
{
  "model": "polls.choice",
  "pk": 32,
  "fields": {
    "question": 2,
    "choice_text": "Flask"
  }
},
{
  "model": "polls.choice",
  "pk": 33,
  "fields": {
    "question": 2,
    "choice_text": "Microsoft .NET"
  }
},
{
  "model": "polls.choice",
  "pk": 34,
  "fields": {
    "question": 2,
    "choice_text": "Something else"
  }
},
{
  "model": "polls.choice",
  "pk": 35,
  "fields": {
    "question": 1,
    "choice_text": "Matlab or Octave"
  }
},
{
  "model": "polls.vote",
  "pk": 1,
  "fields": {
    "choice": 12,
    "user": 2
  }
},
{
  "model": "polls.vote",
  "pk": 2,
  "fields": {
    "choice": 5,
    "user": 2
  }
},
{
  "model": "polls.vote",
  "pk": 3,
  "fields": {
    "choice": 7,
    "user": 3
  }
},
{
  "model": "polls.vote",
  "pk": 4,
  "fields": {
    "choice": 32,
    "user": 3
  }
},
{
  "model": "polls.vote",
  "pk": 5,
  "fields": {
    "choice": 4,
    "user": 5
  }
},
{
  "model": "polls.vote",
  "pk": 6,
  "fields": {
    "choice": 31,
    "user": 5
  }
},
{
  "model": "polls.vote",
  "pk": 7,
  "fields": {
    "choice": 10,
    "user": 5
  }
},
{
  "model": "polls.vote",
  "pk": 8,
  "fields": {
    "choice": 19,
    "user": 8
  }
},
{
  "model": "polls.vote",
  "pk": 9,
  "fields": {
    "choice": 30,
    "user": 8
  }
},
{
  "model": "polls.vote",
  "pk": 10,
  "fields": {
    "choice": 10,
    "user": 3
  }
},
{
  "model": "polls.vote",
  "pk": 11,
  "fields": {
    "choice": 7,
    "user": 4
  }
},
{
  "model": "polls.vote",
  "pk": 12,
  "fields": {
    "choice": 12,
    "user": 4
  }
},
{
  "model": "polls.vote",
  "pk": 13,
  "fields": {
    "choice": 22,
    "user": 4
  }
},
{
  "model": "polls.vote",
  "pk": 14,
  "fields": {
    "choice": 20,
    "user": 10
  }
},
{
  "model": "polls.vote",
  "pk": 15,
  "fields": {
    "choice": 22,
    "user": 10
  }
},
{
  "model": "polls.vote",
  "pk": 16,
  "fields": {
    "choice": 29,
    "user": 2
  }
},
{
  "model": "polls.vote",
  "pk": 17,
  "fields": {
    "choice": 7,
    "user": 6
  }
},
{
  "model": "polls.vote",
  "pk": 18,
  "fields": {
    "choice": 12,
    "user": 6
  }
},
{
  "model": "polls.vote",
  "pk": 19,
  "fields": {
    "choice": 22,
    "user": 6
  }
},
{
  "model": "polls.vote",
  "pk": 20,
  "fields": {
    "choice": 35,
    "user": 7
  }
},
{
  "model": "polls.vote",
  "pk": 21,
  "fields": {
    "choice": 9,
    "user": 7
  }
},
{
  "model": "polls.vote",
  "pk": 22,
  "fields": {
    "choice": 24,
    "user": 7
  }
},
{
  "model": "polls.vote",
  "pk": 23,
  "fields": {
    "choice": 34,
    "user": 8
  }
},
{
  "model": "polls.vote",
  "pk": 24,
  "fields": {
    "choice": 7,
    "user": 9
  }
},
{
  "model": "polls.vote",
  "pk": 25,
  "fields": {
    "choice": 18,
    "user": 9
  }
},
{
  "model": "polls.vote",
  "pk": 26,
  "fields": {
    "choice": 1,
    "user": 10
  }
},
{
  "model": "polls.vote",
  "pk": 27,
  "fields": {
    "choice": 30,
    "user": 11
  }
},
{
  "model": "polls.vote",
  "pk": 28,
  "fields": {
    "choice": 10,
    "user": 11
  }
},
{
  "model": "polls.vote",
  "pk": 29,
  "fields": {
    "choice": 33,
    "user": 11
  }
}
]
